<?xml version="1.0" encoding="UTF-8"?>
<project xmlns="http://maven.apache.org/POM/4.0.0" xmlns:xsi="http://www.w3.org/2001/XMLSchema-instance" xsi:schemaLocation="http://maven.apache.org/POM/4.0.0 http://maven.apache.org/maven-v4_0_0.xsd">
  <modelVersion>4.0.0</modelVersion>
  <groupId>com.example.kafka</groupId>
  <artifactId>kafka-file-transfer</artifactId>
  <version>0.0.8</version>
  <build>
    <extensions>
      <extension>
        <groupId>kr.motd.maven</groupId>
        <artifactId>os-maven-plugin</artifactId>
        <version>1.7.0</version>
      </extension>
    </extensions>
    <plugins>
      <plugin>
        <artifactId>maven-compiler-plugin</artifactId>
        <version>3.13.0</version>
        <configuration>
          <release>11</release>
        </configuration>
      </plugin>
      <plugin>
        <groupId>org.xolstice.maven.plugins</groupId>
        <artifactId>protobuf-maven-plugin</artifactId>
        <version>0.6.1</version>
        <executions>
          <execution>
            <goals>
              <goal>compile</goal>
            </goals>
          </execution>
        </executions>
        <configuration>
          <protocArtifact>com.google.protobuf:protoc:${protobuf.version}:exe:${os.detected.classifier}</protocArtifact>
        </configuration>
      </plugin>
      <plugin>
        <artifactId>maven-shade-plugin</artifactId>
        <version>3.2.4</version>
        <executions>
          <execution>
            <phase>package</phase>
            <goals>
              <goal>shade</goal>
            </goals>
            <configuration>
              <transformers>
                <transformer>
                  <mainClass>com.example.kafka.filetransfer.App</mainClass>
                </transformer>
              </transformers>
            </configuration>
          </execution>
        </executions>
      </plugin>
    </plugins>
  </build>
  <properties>
    <picocli.version>4.7.7</picocli.version>
    <slf4j.version>2.0.17</slf4j.version>
    <protobuf.version>4.32.1</protobuf.version>
    <project.build.sourceEncoding>UTF-8</project.build.sourceEncoding>
    <jackson.version>2.15.2</jackson.version>
    <lz4.version>1.8.0</lz4.version>
    <kafka.version>3.9.1</kafka.version>
  </properties>
</project>
