<configuration>

    <appender name="STDOUT" class="ch.qos.logback.core.ConsoleAppender">
        <encoder>
            <!--
              NOUVEAU FORMAT :
              %d{HH:mm:ss.SSS}      : Horodatage
              %-5level              : Niveau de log (INFO, ERROR, etc.)
              [%X{hostname:-?}]     : Nom de la machine (récupéré du MDC, '?' par défaut)
              [%X{appName:-?}]      : Nom de l'app (récupéré du MDC, '?' par défaut)
              %logger{36}           : Nom de la classe (abrégé)
              %msg%n                : Le message de log et un saut de ligne
            -->
            <pattern>%d{HH:mm:ss.SSS} %-5level [%X{hostname:-unknown}] [%X{appName:-app}] %logger{36} - %msg%n</pattern>
        </encoder>
    </appender>

    <root level="info">
        <appender-ref ref="STDOUT" />
    </root>

</configuration>