<configuration>

    <!-- Définit où les logs seront écrits (ici, la console) -->
    <appender name="STDOUT" class="ch.qos.logback.core.ConsoleAppender">
        <encoder>
            <!-- C'est ici la ligne la plus importante ! -->
            <!-- %d = Date, %-5level = Niveau de log, %logger{36} = Nom de la classe -->
            <!-- %X{transferId} = C'est la magie ! Il récupère la clé 'transferId' du MDC -->
            <!-- %msg = Le message de log, %n = Saut de ligne -->
            <pattern>%d{HH:mm:ss.SSS} %-5level %logger{36} - %X{transferId}%msg%n</pattern>
        </encoder>
    </appender>

    <!-- Applique la configuration à tous les loggers de l'application -->
    <root level="info">
        <appender-ref ref="STDOUT" />
    </root>

</configuration>